movieId,title,genres,overview,userId,rating
51,Echoes of Love,Comedy,A thrilling journey of self discovery.,40,3.6
19,Final Algorithm,Romance,A mysterious adventure across time.,52,3.4
66,Hidden Truth,Comedy,A high-stakes battle against unseen forces.,7,3.2
115,Shadow Hunter,Drama|Romance,A heartwarming story of love and sacrifice.,58,1.8
73,Final Algorithm,Action|Thriller,A thrilling journey of self discovery.,27,4.1
61,Lost in Time,Action|Thriller,A high-stakes battle against unseen forces.,32,3.8
116,Lost in Time,Action|Thriller,A high-stakes battle against unseen forces.,61,4.0
80,Final Algorithm,Romance,A heartwarming story of love and sacrifice.,19,1.6
53,Beyond the Horizon,Romance,A mysterious adventure across time.,35,1.7
87,Broken Destiny,Comedy,A thrilling journey of self discovery.,39,2.4
114,Shadow Hunter,Action|Adventure,A futuristic story driven by technology.,2,4.3
23,Digital Souls,Comedy,A dramatic tale of human emotions.,79,2.5
95,Broken Destiny,Drama|Romance,A high-stakes battle against unseen forces.,77,4.4
39,Digital Souls,Action|Thriller,A heartwarming story of love and sacrifice.,3,4.3
56,Final Algorithm,Romance,A dramatic tale of human emotions.,77,4.0
102,Shadow Hunter,Action|Thriller,A mysterious adventure across time.,13,4.0
78,Quantum Love,Action|Thriller,A dramatic tale of human emotions.,3,1.8
27,Echoes of Love,Romance,A futuristic story driven by technology.,11,1.4
12,Midnight Code,Thriller|Mystery,A heartwarming story of love and sacrifice.,59,1.3
39,Echoes of Love,Action|Adventure,A high-stakes battle against unseen forces.,79,1.2
75,Shadow Hunter,Action|Thriller,A thrilling journey of self discovery.,49,1.7
27,Broken Destiny,Comedy,A mysterious adventure across time.,10,4.2
64,Midnight Code,Drama,A futuristic story driven by technology.,33,1.1
102,Dream Beyond Stars,Comedy,A thrilling journey of self discovery.,35,3.1
18,Lost in Time,Action|Adventure,A futuristic story driven by technology.,77,2.4
26,The Silent Path,Drama,A thrilling journey of self discovery.,3,3.6
101,The Silent Path,Comedy,A futuristic story driven by technology.,80,3.7
53,Echoes of Love,Action|Thriller,A high-stakes battle against unseen forces.,2,4.7
52,Quantum Love,Drama,A dramatic tale of human emotions.,51,1.1
69,Quantum Love,Drama,A dramatic tale of human emotions.,37,1.2
108,Beyond the Horizon,Action|Thriller,A futuristic story driven by technology.,4,4.6
83,Echoes of Love,Action|Thriller,A dramatic tale of human emotions.,4,2.9
12,Hidden Truth,Action|Adventure,A heartwarming story of love and sacrifice.,20,4.6
104,Midnight Code,Comedy,A dramatic tale of human emotions.,24,2.6
108,Quantum Love,Sci-Fi|Action,A high-stakes battle against unseen forces.,33,1.8
80,Lost in Time,Thriller|Mystery,A dramatic tale of human emotions.,11,1.5
107,Shadow Hunter,Action|Adventure,A dramatic tale of human emotions.,50,1.0
17,Quantum Love,Action|Thriller,A high-stakes battle against unseen forces.,54,3.0
42,Dream Beyond Stars,Romance,A high-stakes battle against unseen forces.,34,2.4
9,Hidden Truth,Romance,A futuristic story driven by technology.,28,3.6
61,Quantum Love,Sci-Fi|Action,A mysterious adventure across time.,11,1.4
96,Beyond the Horizon,Comedy,A futuristic story driven by technology.,50,1.3
35,Echoes of Love,Action|Adventure,A heartwarming story of love and sacrifice.,34,3.6
17,Digital Souls,Thriller|Mystery,A thrilling journey of self discovery.,47,3.8
84,Final Algorithm,Sci-Fi|Action,A mysterious adventure across time.,30,4.9
27,Quantum Love,Action|Thriller,A dramatic tale of human emotions.,40,4.9
118,Lost in Time,Comedy,A high-stakes battle against unseen forces.,66,2.8
87,Hidden Truth,Drama|Romance,A mysterious adventure across time.,73,1.8
118,Digital Souls,Romance,A futuristic story driven by technology.,15,1.8
55,Dream Beyond Stars,Action|Adventure,A heartwarming story of love and sacrifice.,22,1.1
29,Digital Souls,Romance,A high-stakes battle against unseen forces.,48,4.3
33,Lost in Time,Comedy,A heartwarming story of love and sacrifice.,36,1.5
29,The Silent Path,Drama,A futuristic story driven by technology.,5,2.2
74,Final Algorithm,Drama|Romance,A futuristic story driven by technology.,53,3.6
94,The Silent Path,Drama|Romance,A thrilling journey of self discovery.,60,4.1
87,Shadow Hunter,Action|Adventure,A futuristic story driven by technology.,66,2.2
69,Lost in Time,Romance,A futuristic story driven by technology.,46,2.2
44,Dream Beyond Stars,Romance,A futuristic story driven by technology.,32,2.7
10,Broken Destiny,Drama,A thrilling journey of self discovery.,48,1.3
33,The Silent Path,Action|Thriller,A high-stakes battle against unseen forces.,11,3.1
1,Dream Beyond Stars,Action|Adventure,A high-stakes battle against unseen forces.,37,2.7
18,Lost in Time,Sci-Fi|Action,A futuristic story driven by technology.,36,3.1
7,Echoes of Love,Action|Thriller,A dramatic tale of human emotions.,2,3.0
77,Lost in Time,Comedy,A thrilling journey of self discovery.,38,3.0
9,Echoes of Love,Action|Thriller,A high-stakes battle against unseen forces.,77,2.3
70,Echoes of Love,Drama,A dramatic tale of human emotions.,3,1.0
112,Broken Destiny,Drama,A thrilling journey of self discovery.,12,1.4
17,Hidden Truth,Romance,A high-stakes battle against unseen forces.,69,1.1
42,Shadow Hunter,Romance,A mysterious adventure across time.,2,5.0
1,Echoes of Love,Romance,A futuristic story driven by technology.,24,2.3
94,Midnight Code,Action|Adventure,A heartwarming story of love and sacrifice.,39,3.4
111,Echoes of Love,Romance,A futuristic story driven by technology.,30,4.0
52,The Silent Path,Thriller|Mystery,A dramatic tale of human emotions.,2,2.0
33,Digital Souls,Action|Thriller,A mysterious adventure across time.,57,2.6
46,Quantum Love,Romance,A dramatic tale of human emotions.,2,3.2
116,Echoes of Love,Sci-Fi|Action,A futuristic story driven by technology.,4,4.2
26,Echoes of Love,Sci-Fi|Action,A dramatic tale of human emotions.,49,2.2
89,Digital Souls,Sci-Fi|Action,A high-stakes battle against unseen forces.,19,3.9
112,Shadow Hunter,Comedy,A dramatic tale of human emotions.,13,2.6
75,Digital Souls,Romance,A heartwarming story of love and sacrifice.,42,3.4
117,Echoes of Love,Action|Adventure,A futuristic story driven by technology.,79,2.4
27,Shadow Hunter,Action|Adventure,A thrilling journey of self discovery.,25,3.0
1,Hidden Truth,Drama,A dramatic tale of human emotions.,74,3.0
106,Shadow Hunter,Thriller|Mystery,A high-stakes battle against unseen forces.,11,3.9
120,Final Algorithm,Romance,A heartwarming story of love and sacrifice.,72,3.8
29,Shadow Hunter,Romance,A thrilling journey of self discovery.,67,1.3
48,Shadow Hunter,Sci-Fi|Action,A heartwarming story of love and sacrifice.,18,4.7
49,The Silent Path,Drama,A dramatic tale of human emotions.,54,2.7
111,Hidden Truth,Comedy,A dramatic tale of human emotions.,41,2.2
112,Hidden Truth,Sci-Fi|Action,A heartwarming story of love and sacrifice.,30,2.1
23,Lost in Time,Thriller|Mystery,A high-stakes battle against unseen forces.,45,3.9
92,Final Algorithm,Action|Adventure,A futuristic story driven by technology.,67,4.4
108,Quantum Love,Thriller|Mystery,A mysterious adventure across time.,3,2.3
59,The Silent Path,Drama|Romance,A thrilling journey of self discovery.,61,3.9
6,Quantum Love,Drama|Romance,A heartwarming story of love and sacrifice.,27,3.0
96,Midnight Code,Sci-Fi|Action,A high-stakes battle against unseen forces.,20,1.8
97,Shadow Hunter,Drama,A thrilling journey of self discovery.,3,3.6
57,The Silent Path,Action|Adventure,A high-stakes battle against unseen forces.,9,3.3
47,Digital Souls,Romance,A dramatic tale of human emotions.,57,3.3
94,Quantum Love,Romance,A high-stakes battle against unseen forces.,11,4.3
33,Digital Souls,Comedy,A high-stakes battle against unseen forces.,27,3.7
86,Echoes of Love,Thriller|Mystery,A high-stakes battle against unseen forces.,31,2.1
115,Shadow Hunter,Romance,A thrilling journey of self discovery.,48,2.3
53,Beyond the Horizon,Action|Thriller,A heartwarming story of love and sacrifice.,38,1.1
42,Dream Beyond Stars,Drama|Romance,A mysterious adventure across time.,38,2.1
94,Beyond the Horizon,Drama,A futuristic story driven by technology.,79,3.9
51,Dream Beyond Stars,Action|Thriller,A heartwarming story of love and sacrifice.,55,2.7
34,Quantum Love,Action|Adventure,A futuristic story driven by technology.,71,3.7
87,Beyond the Horizon,Sci-Fi|Action,A dramatic tale of human emotions.,58,1.9
1,Hidden Truth,Sci-Fi|Action,A mysterious adventure across time.,8,2.0
104,Midnight Code,Drama|Romance,A heartwarming story of love and sacrifice.,39,2.3
37,Hidden Truth,Romance,A dramatic tale of human emotions.,4,2.6
43,Beyond the Horizon,Romance,A mysterious adventure across time.,37,3.7
57,Lost in Time,Sci-Fi|Action,A dramatic tale of human emotions.,8,3.8
85,Lost in Time,Sci-Fi|Action,A heartwarming story of love and sacrifice.,14,2.8
33,Dream Beyond Stars,Thriller|Mystery,A heartwarming story of love and sacrifice.,50,2.0
105,Beyond the Horizon,Action|Thriller,A dramatic tale of human emotions.,16,4.0
20,Shadow Hunter,Action|Thriller,A futuristic story driven by technology.,48,1.5
35,Broken Destiny,Action|Adventure,A thrilling journey of self discovery.,12,2.6
36,Beyond the Horizon,Thriller|Mystery,A futuristic story driven by technology.,26,3.2
8,Quantum Love,Comedy,A thrilling journey of self discovery.,31,3.7
86,Echoes of Love,Thriller|Mystery,A mysterious adventure across time.,48,5.0
54,The Silent Path,Sci-Fi|Action,A thrilling journey of self discovery.,31,2.5
67,Quantum Love,Drama|Romance,A dramatic tale of human emotions.,33,2.9
107,Quantum Love,Action|Adventure,A thrilling journey of self discovery.,48,4.1
43,Quantum Love,Action|Adventure,A mysterious adventure across time.,66,2.7
100,Final Algorithm,Drama|Romance,A mysterious adventure across time.,34,4.6
85,Hidden Truth,Romance,A thrilling journey of self discovery.,3,4.7
58,Quantum Love,Action|Adventure,A mysterious adventure across time.,74,4.4
114,Beyond the Horizon,Action|Thriller,A heartwarming story of love and sacrifice.,51,3.9
19,Dream Beyond Stars,Comedy,A heartwarming story of love and sacrifice.,70,1.8
87,Echoes of Love,Sci-Fi|Action,A mysterious adventure across time.,21,1.4
37,Dream Beyond Stars,Sci-Fi|Action,A high-stakes battle against unseen forces.,6,1.9
116,Midnight Code,Action|Adventure,A heartwarming story of love and sacrifice.,12,1.0
41,Digital Souls,Drama|Romance,A thrilling journey of self discovery.,29,3.4
4,The Silent Path,Thriller|Mystery,A thrilling journey of self discovery.,16,3.4
11,Beyond the Horizon,Action|Thriller,A mysterious adventure across time.,15,4.9
103,Shadow Hunter,Drama|Romance,A thrilling journey of self discovery.,68,3.7
70,Echoes of Love,Drama|Romance,A high-stakes battle against unseen forces.,69,3.9
98,Digital Souls,Drama|Romance,A high-stakes battle against unseen forces.,41,2.1
22,Lost in Time,Action|Thriller,A dramatic tale of human emotions.,72,2.3
74,Hidden Truth,Thriller|Mystery,A mysterious adventure across time.,28,2.9
15,Beyond the Horizon,Drama|Romance,A mysterious adventure across time.,5,3.5
14,Midnight Code,Comedy,A high-stakes battle against unseen forces.,4,3.6
64,Broken Destiny,Comedy,A mysterious adventure across time.,3,2.8
54,Midnight Code,Action|Adventure,A high-stakes battle against unseen forces.,35,3.9
36,Midnight Code,Drama,A mysterious adventure across time.,33,1.7
33,Hidden Truth,Action|Adventure,A heartwarming story of love and sacrifice.,67,2.6
55,Broken Destiny,Romance,A thrilling journey of self discovery.,2,3.2
86,Echoes of Love,Sci-Fi|Action,A futuristic story driven by technology.,74,2.4
36,Final Algorithm,Drama,A high-stakes battle against unseen forces.,41,4.5
49,Beyond the Horizon,Romance,A dramatic tale of human emotions.,64,2.1
35,The Silent Path,Thriller|Mystery,A futuristic story driven by technology.,72,3.3
14,Final Algorithm,Sci-Fi|Action,A futuristic story driven by technology.,76,3.5
52,Shadow Hunter,Action|Adventure,A dramatic tale of human emotions.,62,1.7
18,Midnight Code,Romance,A dramatic tale of human emotions.,4,3.5
105,Final Algorithm,Romance,A heartwarming story of love and sacrifice.,12,3.2
64,Broken Destiny,Romance,A mysterious adventure across time.,38,2.7
52,Midnight Code,Action|Thriller,A mysterious adventure across time.,37,1.0
3,Shadow Hunter,Thriller|Mystery,A thrilling journey of self discovery.,30,3.3
79,The Silent Path,Sci-Fi|Action,A thrilling journey of self discovery.,80,4.6
8,The Silent Path,Romance,A thrilling journey of self discovery.,19,4.8
7,Broken Destiny,Thriller|Mystery,A high-stakes battle against unseen forces.,46,1.1
3,Final Algorithm,Romance,A dramatic tale of human emotions.,64,3.1
3,Broken Destiny,Romance,A heartwarming story of love and sacrifice.,73,1.4
44,Shadow Hunter,Comedy,A futuristic story driven by technology.,48,1.8
1,The Silent Path,Comedy,A high-stakes battle against unseen forces.,44,3.6
26,Echoes of Love,Drama,A dramatic tale of human emotions.,64,4.5
50,Lost in Time,Sci-Fi|Action,A futuristic story driven by technology.,13,2.6
111,Echoes of Love,Drama|Romance,A thrilling journey of self discovery.,60,1.7
29,The Silent Path,Action|Thriller,A thrilling journey of self discovery.,18,3.9
91,Midnight Code,Romance,A thrilling journey of self discovery.,47,4.3
3,Dream Beyond Stars,Action|Adventure,A heartwarming story of love and sacrifice.,9,1.1
26,Beyond the Horizon,Drama,A thrilling journey of self discovery.,48,1.7
13,Shadow Hunter,Comedy,A thrilling journey of self discovery.,75,3.8
53,Broken Destiny,Drama|Romance,A high-stakes battle against unseen forces.,36,2.2
31,Echoes of Love,Action|Thriller,A dramatic tale of human emotions.,63,1.6
83,Lost in Time,Drama,A futuristic story driven by technology.,55,3.5
28,Broken Destiny,Action|Adventure,A mysterious adventure across time.,52,4.1
39,Broken Destiny,Thriller|Mystery,A dramatic tale of human emotions.,19,2.2
39,Broken Destiny,Action|Adventure,A high-stakes battle against unseen forces.,35,4.9
52,Hidden Truth,Action|Thriller,A dramatic tale of human emotions.,18,2.5
72,Dream Beyond Stars,Thriller|Mystery,A mysterious adventure across time.,34,4.0
63,Digital Souls,Thriller|Mystery,A thrilling journey of self discovery.,38,2.5
84,Digital Souls,Drama,A dramatic tale of human emotions.,50,4.4
90,Echoes of Love,Drama,A high-stakes battle against unseen forces.,70,1.7
34,Quantum Love,Romance,A dramatic tale of human emotions.,39,1.9
74,Dream Beyond Stars,Sci-Fi|Action,A heartwarming story of love and sacrifice.,31,4.0
18,Lost in Time,Romance,A mysterious adventure across time.,12,1.4
44,Hidden Truth,Thriller|Mystery,A high-stakes battle against unseen forces.,61,1.5
67,Final Algorithm,Romance,A mysterious adventure across time.,24,1.4
31,The Silent Path,Romance,A futuristic story driven by technology.,38,1.0
45,Echoes of Love,Sci-Fi|Action,A heartwarming story of love and sacrifice.,1,1.6
82,Lost in Time,Thriller|Mystery,A heartwarming story of love and sacrifice.,48,2.8
117,Digital Souls,Action|Thriller,A dramatic tale of human emotions.,62,3.1
41,Beyond the Horizon,Drama,A mysterious adventure across time.,38,3.1
18,Hidden Truth,Drama,A thrilling journey of self discovery.,37,2.8
47,Shadow Hunter,Action|Adventure,A thrilling journey of self discovery.,58,1.6
16,Shadow Hunter,Drama,A thrilling journey of self discovery.,27,4.2
29,Shadow Hunter,Drama|Romance,A high-stakes battle against unseen forces.,75,1.2
71,Shadow Hunter,Action|Thriller,A thrilling journey of self discovery.,80,2.1
119,Final Algorithm,Thriller|Mystery,A thrilling journey of self discovery.,72,4.1
1,Echoes of Love,Thriller|Mystery,A heartwarming story of love and sacrifice.,45,2.5
102,Beyond the Horizon,Romance,A thrilling journey of self discovery.,77,1.3
29,Quantum Love,Drama,A high-stakes battle against unseen forces.,39,3.3
66,Midnight Code,Action|Adventure,A dramatic tale of human emotions.,35,3.2
120,Shadow Hunter,Thriller|Mystery,A thrilling journey of self discovery.,19,2.8
36,Dream Beyond Stars,Thriller|Mystery,A heartwarming story of love and sacrifice.,35,4.7
12,Digital Souls,Romance,A dramatic tale of human emotions.,21,1.3
34,Dream Beyond Stars,Drama,A thrilling journey of self discovery.,29,3.8
63,Shadow Hunter,Thriller|Mystery,A high-stakes battle against unseen forces.,78,1.1
106,Lost in Time,Action|Adventure,A high-stakes battle against unseen forces.,4,2.7
65,Beyond the Horizon,Comedy,A heartwarming story of love and sacrifice.,62,1.6
68,The Silent Path,Sci-Fi|Action,A mysterious adventure across time.,9,3.0
40,The Silent Path,Action|Adventure,A high-stakes battle against unseen forces.,53,4.2
29,Digital Souls,Action|Thriller,A mysterious adventure across time.,43,2.2
106,Hidden Truth,Action|Thriller,A thrilling journey of self discovery.,68,3.0
71,Quantum Love,Thriller|Mystery,A futuristic story driven by technology.,71,3.9
82,Hidden Truth,Action|Thriller,A thrilling journey of self discovery.,35,2.1
101,Final Algorithm,Action|Adventure,A high-stakes battle against unseen forces.,76,3.7
49,Beyond the Horizon,Action|Thriller,A futuristic story driven by technology.,38,4.3
4,Lost in Time,Drama,A mysterious adventure across time.,67,4.6
56,Dream Beyond Stars,Romance,A dramatic tale of human emotions.,55,3.4
57,Dream Beyond Stars,Comedy,A mysterious adventure across time.,39,4.8
113,Final Algorithm,Romance,A dramatic tale of human emotions.,31,4.0
45,Lost in Time,Comedy,A high-stakes battle against unseen forces.,77,2.6
77,Quantum Love,Action|Adventure,A thrilling journey of self discovery.,64,1.2
30,Shadow Hunter,Comedy,A high-stakes battle against unseen forces.,1,1.0
26,Shadow Hunter,Drama,A thrilling journey of self discovery.,8,2.1
21,The Silent Path,Thriller|Mystery,A heartwarming story of love and sacrifice.,36,2.7
103,Digital Souls,Sci-Fi|Action,A thrilling journey of self discovery.,31,3.6
91,Echoes of Love,Sci-Fi|Action,A futuristic story driven by technology.,11,1.1
106,Final Algorithm,Drama|Romance,A mysterious adventure across time.,22,1.8
115,Quantum Love,Drama,A dramatic tale of human emotions.,19,4.5
99,Beyond the Horizon,Drama,A high-stakes battle against unseen forces.,4,2.3
2,Final Algorithm,Comedy,A thrilling journey of self discovery.,72,4.1
77,Echoes of Love,Thriller|Mystery,A futuristic story driven by technology.,6,2.8
96,Lost in Time,Action|Thriller,A high-stakes battle against unseen forces.,33,4.5
93,Broken Destiny,Action|Adventure,A mysterious adventure across time.,4,3.9
70,Broken Destiny,Romance,A mysterious adventure across time.,45,2.7
89,Digital Souls,Thriller|Mystery,A high-stakes battle against unseen forces.,8,3.8
37,Shadow Hunter,Action|Adventure,A heartwarming story of love and sacrifice.,60,2.2
46,Quantum Love,Drama,A thrilling journey of self discovery.,58,4.3
119,Echoes of Love,Thriller|Mystery,A thrilling journey of self discovery.,50,2.1
90,Dream Beyond Stars,Action|Adventure,A high-stakes battle against unseen forces.,40,3.8
22,The Silent Path,Drama,A mysterious adventure across time.,29,1.3
100,Echoes of Love,Sci-Fi|Action,A high-stakes battle against unseen forces.,49,2.9
103,Dream Beyond Stars,Action|Thriller,A high-stakes battle against unseen forces.,63,1.8
31,Broken Destiny,Comedy,A thrilling journey of self discovery.,44,3.8
75,Quantum Love,Drama,A futuristic story driven by technology.,54,1.6
119,Hidden Truth,Sci-Fi|Action,A high-stakes battle against unseen forces.,14,4.6
80,Quantum Love,Action|Adventure,A mysterious adventure across time.,32,1.2
102,Beyond the Horizon,Comedy,A thrilling journey of self discovery.,44,2.7
95,Quantum Love,Action|Adventure,A dramatic tale of human emotions.,38,1.9
75,Digital Souls,Sci-Fi|Action,A mysterious adventure across time.,80,4.6
44,Hidden Truth,Romance,A mysterious adventure across time.,3,4.1
33,Beyond the Horizon,Comedy,A heartwarming story of love and sacrifice.,18,3.4
48,Beyond the Horizon,Romance,A dramatic tale of human emotions.,49,3.0
8,Final Algorithm,Action|Thriller,A thrilling journey of self discovery.,26,1.8
57,Digital Souls,Sci-Fi|Action,A dramatic tale of human emotions.,15,5.0
29,Digital Souls,Drama|Romance,A high-stakes battle against unseen forces.,27,4.1
32,The Silent Path,Romance,A mysterious adventure across time.,3,4.9
23,Hidden Truth,Drama|Romance,A high-stakes battle against unseen forces.,54,2.8
69,Hidden Truth,Action|Adventure,A thrilling journey of self discovery.,22,2.7
14,Broken Destiny,Drama|Romance,A heartwarming story of love and sacrifice.,26,2.8
57,Shadow Hunter,Action|Thriller,A high-stakes battle against unseen forces.,61,3.0
9,Midnight Code,Sci-Fi|Action,A high-stakes battle against unseen forces.,56,1.6
69,Echoes of Love,Action|Adventure,A high-stakes battle against unseen forces.,35,2.9
41,Broken Destiny,Comedy,A dramatic tale of human emotions.,58,3.4
80,Beyond the Horizon,Action|Adventure,A mysterious adventure across time.,13,2.0
59,Shadow Hunter,Romance,A futuristic story driven by technology.,9,3.3
82,Dream Beyond Stars,Sci-Fi|Action,A mysterious adventure across time.,70,4.0
65,Shadow Hunter,Sci-Fi|Action,A futuristic story driven by technology.,13,3.5
19,Midnight Code,Action|Thriller,A heartwarming story of love and sacrifice.,68,1.2
98,Quantum Love,Romance,A thrilling journey of self discovery.,69,4.6
4,Beyond the Horizon,Romance,A thrilling journey of self discovery.,23,2.6
112,Midnight Code,Romance,A high-stakes battle against unseen forces.,43,2.9
48,The Silent Path,Romance,A high-stakes battle against unseen forces.,66,3.2
72,Beyond the Horizon,Romance,A thrilling journey of self discovery.,59,1.1
107,Dream Beyond Stars,Action|Thriller,A futuristic story driven by technology.,46,2.2
63,Dream Beyond Stars,Thriller|Mystery,A futuristic story driven by technology.,79,4.4
24,Midnight Code,Thriller|Mystery,A high-stakes battle against unseen forces.,50,4.4
73,Shadow Hunter,Sci-Fi|Action,A thrilling journey of self discovery.,29,2.4
60,Lost in Time,Drama|Romance,A high-stakes battle against unseen forces.,27,3.1
10,Beyond the Horizon,Action|Thriller,A heartwarming story of love and sacrifice.,53,1.4
51,Broken Destiny,Romance,A dramatic tale of human emotions.,61,1.4
62,Digital Souls,Drama,A mysterious adventure across time.,19,2.6
5,Quantum Love,Drama,A futuristic story driven by technology.,64,3.8
1,Midnight Code,Sci-Fi|Action,A futuristic story driven by technology.,12,2.9
64,Midnight Code,Comedy,A heartwarming story of love and sacrifice.,11,4.0
35,Echoes of Love,Action|Adventure,A dramatic tale of human emotions.,38,2.8
74,Hidden Truth,Drama,A mysterious adventure across time.,12,2.4
119,Final Algorithm,Sci-Fi|Action,A thrilling journey of self discovery.,65,2.7
30,Quantum Love,Drama|Romance,A mysterious adventure across time.,22,2.9
74,The Silent Path,Romance,A mysterious adventure across time.,62,4.7
11,Lost in Time,Action|Thriller,A dramatic tale of human emotions.,35,3.1
52,Quantum Love,Action|Thriller,A futuristic story driven by technology.,72,3.7
71,Midnight Code,Thriller|Mystery,A thrilling journey of self discovery.,53,1.1
13,Echoes of Love,Sci-Fi|Action,A dramatic tale of human emotions.,35,3.3
38,Quantum Love,Sci-Fi|Action,A heartwarming story of love and sacrifice.,26,1.9
116,Midnight Code,Romance,A mysterious adventure across time.,59,3.4
95,The Silent Path,Sci-Fi|Action,A high-stakes battle against unseen forces.,10,4.9
48,Dream Beyond Stars,Thriller|Mystery,A futuristic story driven by technology.,29,1.9
113,The Silent Path,Drama,A dramatic tale of human emotions.,54,4.6
91,The Silent Path,Romance,A thrilling journey of self discovery.,17,1.5
114,Beyond the Horizon,Action|Adventure,A high-stakes battle against unseen forces.,50,4.7
50,Midnight Code,Thriller|Mystery,A high-stakes battle against unseen forces.,77,1.5
23,Echoes of Love,Action|Thriller,A dramatic tale of human emotions.,59,2.1
50,Echoes of Love,Action|Adventure,A futuristic story driven by technology.,33,2.9
98,Final Algorithm,Drama,A futuristic story driven by technology.,69,2.2
74,Dream Beyond Stars,Thriller|Mystery,A thrilling journey of self discovery.,55,2.5
80,Lost in Time,Sci-Fi|Action,A high-stakes battle against unseen forces.,18,3.6
57,Echoes of Love,Thriller|Mystery,A high-stakes battle against unseen forces.,65,4.0
49,Broken Destiny,Thriller|Mystery,A heartwarming story of love and sacrifice.,33,2.9
25,Dream Beyond Stars,Sci-Fi|Action,A heartwarming story of love and sacrifice.,23,4.2
25,Lost in Time,Sci-Fi|Action,A dramatic tale of human emotions.,74,1.5
79,Hidden Truth,Action|Adventure,A mysterious adventure across time.,56,2.9
30,The Silent Path,Sci-Fi|Action,A futuristic story driven by technology.,46,1.4
43,Hidden Truth,Sci-Fi|Action,A heartwarming story of love and sacrifice.,25,2.3
2,Final Algorithm,Action|Adventure,A mysterious adventure across time.,7,1.7
3,Midnight Code,Sci-Fi|Action,A thrilling journey of self discovery.,66,4.6
60,Shadow Hunter,Action|Thriller,A mysterious adventure across time.,66,1.1
89,Broken Destiny,Action|Adventure,A dramatic tale of human emotions.,14,3.6
34,Digital Souls,Action|Thriller,A high-stakes battle against unseen forces.,15,4.9
88,Final Algorithm,Comedy,A thrilling journey of self discovery.,4,1.8
91,Lost in Time,Comedy,A high-stakes battle against unseen forces.,70,1.4
25,Lost in Time,Action|Adventure,A dramatic tale of human emotions.,28,1.2
31,Dream Beyond Stars,Drama|Romance,A thrilling journey of self discovery.,61,4.1
63,Quantum Love,Drama|Romance,A futuristic story driven by technology.,9,1.2
45,Beyond the Horizon,Action|Adventure,A futuristic story driven by technology.,16,2.6
114,Final Algorithm,Drama|Romance,A thrilling journey of self discovery.,42,3.7
1,Beyond the Horizon,Sci-Fi|Action,A futuristic story driven by technology.,22,2.3
59,Beyond the Horizon,Action|Thriller,A high-stakes battle against unseen forces.,52,1.5
44,The Silent Path,Action|Adventure,A high-stakes battle against unseen forces.,37,3.4
58,Beyond the Horizon,Thriller|Mystery,A high-stakes battle against unseen forces.,48,3.9
13,Broken Destiny,Action|Thriller,A dramatic tale of human emotions.,28,2.8
37,Lost in Time,Romance,A dramatic tale of human emotions.,9,4.9
48,Shadow Hunter,Romance,A futuristic story driven by technology.,32,2.3
111,Beyond the Horizon,Sci-Fi|Action,A heartwarming story of love and sacrifice.,41,2.5
77,Midnight Code,Comedy,A futuristic story driven by technology.,61,1.7
104,Midnight Code,Sci-Fi|Action,A dramatic tale of human emotions.,46,4.5
96,Midnight Code,Sci-Fi|Action,A dramatic tale of human emotions.,52,4.1
92,Echoes of Love,Sci-Fi|Action,A futuristic story driven by technology.,32,3.6
112,Broken Destiny,Drama|Romance,A dramatic tale of human emotions.,9,2.3
83,Beyond the Horizon,Romance,A futuristic story driven by technology.,24,2.7
29,Shadow Hunter,Action|Adventure,A futuristic story driven by technology.,76,1.9
6,Digital Souls,Drama,A thrilling journey of self discovery.,72,2.0
33,Beyond the Horizon,Action|Adventure,A heartwarming story of love and sacrifice.,32,2.9
107,Broken Destiny,Comedy,A dramatic tale of human emotions.,60,4.8
56,Digital Souls,Thriller|Mystery,A mysterious adventure across time.,8,1.7
38,Midnight Code,Action|Adventure,A heartwarming story of love and sacrifice.,4,4.0
86,The Silent Path,Romance,A mysterious adventure across time.,11,1.0
66,Beyond the Horizon,Romance,A heartwarming story of love and sacrifice.,76,3.1
118,Echoes of Love,Romance,A high-stakes battle against unseen forces.,71,4.8
58,Digital Souls,Sci-Fi|Action,A mysterious adventure across time.,54,3.8
14,Hidden Truth,Action|Adventure,A futuristic story driven by technology.,65,2.0
87,Beyond the Horizon,Drama,A heartwarming story of love and sacrifice.,43,4.6
51,Broken Destiny,Action|Adventure,A futuristic story driven by technology.,39,2.5
58,Digital Souls,Sci-Fi|Action,A heartwarming story of love and sacrifice.,43,5.0
111,Lost in Time,Romance,A mysterious adventure across time.,75,1.1
100,Beyond the Horizon,Thriller|Mystery,A thrilling journey of self discovery.,13,4.5
44,Final Algorithm,Drama,A mysterious adventure across time.,8,1.8
108,Echoes of Love,Action|Adventure,A thrilling journey of self discovery.,29,2.3
88,Lost in Time,Action|Thriller,A heartwarming story of love and sacrifice.,79,3.4
37,Midnight Code,Action|Thriller,A mysterious adventure across time.,46,4.9
57,Digital Souls,Action|Adventure,A futuristic story driven by technology.,62,1.4
107,Quantum Love,Action|Adventure,A dramatic tale of human emotions.,69,3.6
110,Beyond the Horizon,Drama,A high-stakes battle against unseen forces.,13,4.6
52,Quantum Love,Romance,A dramatic tale of human emotions.,55,1.5
52,Beyond the Horizon,Thriller|Mystery,A dramatic tale of human emotions.,63,3.4
64,Final Algorithm,Drama,A mysterious adventure across time.,40,1.7
17,Shadow Hunter,Action|Adventure,A futuristic story driven by technology.,36,2.4
37,Shadow Hunter,Action|Adventure,A dramatic tale of human emotions.,32,3.4
24,Hidden Truth,Action|Adventure,A futuristic story driven by technology.,37,4.0
65,Lost in Time,Action|Adventure,A futuristic story driven by technology.,4,2.5
101,Quantum Love,Romance,A high-stakes battle against unseen forces.,53,4.2
46,Shadow Hunter,Thriller|Mystery,A mysterious adventure across time.,48,1.2
12,Echoes of Love,Drama,A mysterious adventure across time.,16,2.0
50,Lost in Time,Drama,A thrilling journey of self discovery.,71,3.0
16,Final Algorithm,Thriller|Mystery,A high-stakes battle against unseen forces.,78,4.2
37,The Silent Path,Comedy,A futuristic story driven by technology.,51,1.7
14,Digital Souls,Romance,A futuristic story driven by technology.,8,3.3
18,Final Algorithm,Action|Adventure,A heartwarming story of love and sacrifice.,70,3.7
86,Shadow Hunter,Drama|Romance,A dramatic tale of human emotions.,74,2.1
85,Lost in Time,Action|Adventure,A dramatic tale of human emotions.,2,4.0
34,Digital Souls,Comedy,A thrilling journey of self discovery.,70,2.2
9,Digital Souls,Thriller|Mystery,A thrilling journey of self discovery.,48,3.3
87,Digital Souls,Action|Thriller,A high-stakes battle against unseen forces.,38,1.4
9,Lost in Time,Sci-Fi|Action,A futuristic story driven by technology.,63,2.3
42,Echoes of Love,Action|Thriller,A mysterious adventure across time.,80,2.8
85,The Silent Path,Sci-Fi|Action,A high-stakes battle against unseen forces.,38,3.1
8,Echoes of Love,Sci-Fi|Action,A high-stakes battle against unseen forces.,14,1.5
66,Lost in Time,Thriller|Mystery,A mysterious adventure across time.,35,3.1
7,Broken Destiny,Thriller|Mystery,A dramatic tale of human emotions.,18,1.1
89,Beyond the Horizon,Drama,A dramatic tale of human emotions.,49,3.6
46,Beyond the Horizon,Action|Thriller,A futuristic story driven by technology.,6,4.3
18,Dream Beyond Stars,Drama,A mysterious adventure across time.,28,4.1
101,Dream Beyond Stars,Action|Adventure,A heartwarming story of love and sacrifice.,8,2.5
70,Midnight Code,Action|Adventure,A heartwarming story of love and sacrifice.,14,1.7
83,Digital Souls,Drama,A dramatic tale of human emotions.,36,4.5
60,Beyond the Horizon,Drama|Romance,A mysterious adventure across time.,46,2.7
32,Digital Souls,Drama|Romance,A mysterious adventure across time.,53,3.0
95,Broken Destiny,Action|Adventure,A thrilling journey of self discovery.,64,3.7
67,Echoes of Love,Romance,A futuristic story driven by technology.,57,1.0
23,Lost in Time,Drama|Romance,A thrilling journey of self discovery.,10,4.8
36,Digital Souls,Drama,A mysterious adventure across time.,51,2.5
108,Digital Souls,Romance,A futuristic story driven by technology.,43,4.7
92,Digital Souls,Action|Thriller,A mysterious adventure across time.,8,3.1
2,Midnight Code,Thriller|Mystery,A futuristic story driven by technology.,19,3.6
48,Hidden Truth,Romance,A heartwarming story of love and sacrifice.,20,2.4
62,Quantum Love,Comedy,A thrilling journey of self discovery.,13,4.9
107,Lost in Time,Romance,A futuristic story driven by technology.,36,1.2
17,Echoes of Love,Sci-Fi|Action,A thrilling journey of self discovery.,46,1.4
110,Hidden Truth,Romance,A thrilling journey of self discovery.,2,3.3
5,Beyond the Horizon,Drama|Romance,A high-stakes battle against unseen forces.,11,2.0
55,Quantum Love,Drama,A dramatic tale of human emotions.,18,2.3
71,Final Algorithm,Drama|Romance,A high-stakes battle against unseen forces.,32,1.2
91,Quantum Love,Thriller|Mystery,A mysterious adventure across time.,77,4.8
99,Shadow Hunter,Thriller|Mystery,A high-stakes battle against unseen forces.,15,3.1
49,Final Algorithm,Romance,A dramatic tale of human emotions.,45,4.0
40,Quantum Love,Sci-Fi|Action,A thrilling journey of self discovery.,66,4.2
113,Midnight Code,Sci-Fi|Action,A mysterious adventure across time.,39,4.8
17,Final Algorithm,Thriller|Mystery,A high-stakes battle against unseen forces.,80,2.1
66,Shadow Hunter,Comedy,A dramatic tale of human emotions.,57,5.0
8,Quantum Love,Comedy,A dramatic tale of human emotions.,7,2.1
45,Beyond the Horizon,Thriller|Mystery,A mysterious adventure across time.,29,3.5
95,Hidden Truth,Drama,A high-stakes battle against unseen forces.,16,2.8
117,Midnight Code,Romance,A mysterious adventure across time.,54,4.1
77,Dream Beyond Stars,Action|Adventure,A thrilling journey of self discovery.,80,2.6
29,Broken Destiny,Thriller|Mystery,A high-stakes battle against unseen forces.,20,3.3
116,Digital Souls,Action|Adventure,A heartwarming story of love and sacrifice.,69,2.1
45,Shadow Hunter,Action|Adventure,A mysterious adventure across time.,39,1.9
45,Shadow Hunter,Action|Adventure,A heartwarming story of love and sacrifice.,16,1.1
42,Shadow Hunter,Thriller|Mystery,A thrilling journey of self discovery.,46,2.3
96,Midnight Code,Action|Thriller,A heartwarming story of love and sacrifice.,33,4.0
98,Dream Beyond Stars,Drama,A mysterious adventure across time.,76,1.7
95,Digital Souls,Sci-Fi|Action,A heartwarming story of love and sacrifice.,65,4.4
67,Digital Souls,Thriller|Mystery,A dramatic tale of human emotions.,26,3.3
74,Final Algorithm,Drama,A heartwarming story of love and sacrifice.,21,4.0
4,Broken Destiny,Action|Adventure,A high-stakes battle against unseen forces.,4,1.9
58,The Silent Path,Drama|Romance,A thrilling journey of self discovery.,31,3.0
4,Quantum Love,Romance,A heartwarming story of love and sacrifice.,38,4.9
54,The Silent Path,Sci-Fi|Action,A high-stakes battle against unseen forces.,72,1.2
2,Final Algorithm,Sci-Fi|Action,A thrilling journey of self discovery.,3,4.8
50,Dream Beyond Stars,Sci-Fi|Action,A futuristic story driven by technology.,61,4.3
12,Echoes of Love,Drama|Romance,A thrilling journey of self discovery.,7,4.7
27,Quantum Love,Action|Thriller,A high-stakes battle against unseen forces.,76,3.3
88,Quantum Love,Drama|Romance,A high-stakes battle against unseen forces.,33,2.0
96,Midnight Code,Action|Adventure,A futuristic story driven by technology.,70,3.6
97,The Silent Path,Action|Adventure,A mysterious adventure across time.,64,4.8
109,Lost in Time,Drama|Romance,A mysterious adventure across time.,74,2.8
11,Hidden Truth,Drama|Romance,A thrilling journey of self discovery.,19,2.2
57,Shadow Hunter,Romance,A high-stakes battle against unseen forces.,10,1.5
82,Midnight Code,Comedy,A thrilling journey of self discovery.,58,2.8
50,Broken Destiny,Thriller|Mystery,A thrilling journey of self discovery.,64,1.9
73,Final Algorithm,Sci-Fi|Action,A high-stakes battle against unseen forces.,49,1.8
82,Broken Destiny,Thriller|Mystery,A high-stakes battle against unseen forces.,31,2.1
24,Broken Destiny,Sci-Fi|Action,A heartwarming story of love and sacrifice.,44,1.5
28,The Silent Path,Thriller|Mystery,A dramatic tale of human emotions.,33,3.8
47,Midnight Code,Romance,A heartwarming story of love and sacrifice.,11,1.2
116,Midnight Code,Comedy,A futuristic story driven by technology.,58,3.3
21,Digital Souls,Drama|Romance,A thrilling journey of self discovery.,38,4.1
65,Dream Beyond Stars,Comedy,A mysterious adventure across time.,9,2.3
60,Beyond the Horizon,Drama,A heartwarming story of love and sacrifice.,10,1.8
116,Lost in Time,Thriller|Mystery,A futuristic story driven by technology.,41,3.2
75,Digital Souls,Comedy,A mysterious adventure across time.,58,3.9
60,Quantum Love,Romance,A futuristic story driven by technology.,11,4.1
5,Echoes of Love,Comedy,A high-stakes battle against unseen forces.,57,3.8
120,Digital Souls,Action|Adventure,A thrilling journey of self discovery.,60,2.5
72,Beyond the Horizon,Drama,A dramatic tale of human emotions.,73,1.8
97,The Silent Path,Sci-Fi|Action,A heartwarming story of love and sacrifice.,57,2.2
55,Shadow Hunter,Action|Adventure,A heartwarming story of love and sacrifice.,65,1.3
21,Lost in Time,Drama|Romance,A dramatic tale of human emotions.,5,4.6
55,Quantum Love,Thriller|Mystery,A high-stakes battle against unseen forces.,60,3.8
48,Digital Souls,Comedy,A thrilling journey of self discovery.,33,3.5
92,Echoes of Love,Action|Thriller,A high-stakes battle against unseen forces.,16,2.4
11,Dream Beyond Stars,Sci-Fi|Action,A heartwarming story of love and sacrifice.,35,1.4
113,Shadow Hunter,Comedy,A thrilling journey of self discovery.,9,3.7
13,Final Algorithm,Thriller|Mystery,A heartwarming story of love and sacrifice.,49,2.7
103,Echoes of Love,Sci-Fi|Action,A heartwarming story of love and sacrifice.,37,2.5
94,Hidden Truth,Thriller|Mystery,A heartwarming story of love and sacrifice.,65,3.0
79,The Silent Path,Comedy,A futuristic story driven by technology.,30,2.5
41,The Silent Path,Sci-Fi|Action,A futuristic story driven by technology.,47,1.8
49,Final Algorithm,Thriller|Mystery,A high-stakes battle against unseen forces.,67,3.0
70,Echoes of Love,Drama,A mysterious adventure across time.,25,3.0
46,Beyond the Horizon,Sci-Fi|Action,A heartwarming story of love and sacrifice.,2,4.4
71,Lost in Time,Comedy,A heartwarming story of love and sacrifice.,72,2.7
108,Broken Destiny,Romance,A dramatic tale of human emotions.,40,2.9
38,Broken Destiny,Drama|Romance,A heartwarming story of love and sacrifice.,45,3.5
70,Final Algorithm,Action|Thriller,A high-stakes battle against unseen forces.,12,3.2
73,Dream Beyond Stars,Romance,A futuristic story driven by technology.,56,4.3
29,Lost in Time,Sci-Fi|Action,A heartwarming story of love and sacrifice.,34,1.5
64,Final Algorithm,Romance,A mysterious adventure across time.,29,1.2
63,Quantum Love,Thriller|Mystery,A heartwarming story of love and sacrifice.,21,1.9
17,Hidden Truth,Drama|Romance,A futuristic story driven by technology.,42,1.3
34,Final Algorithm,Action|Thriller,A heartwarming story of love and sacrifice.,1,3.0
93,Digital Souls,Drama|Romance,A thrilling journey of self discovery.,10,1.1
61,Lost in Time,Drama|Romance,A futuristic story driven by technology.,69,2.3
37,Echoes of Love,Sci-Fi|Action,A futuristic story driven by technology.,30,2.8
16,Hidden Truth,Sci-Fi|Action,A heartwarming story of love and sacrifice.,8,3.9
65,Midnight Code,Thriller|Mystery,A mysterious adventure across time.,49,1.8
5,The Silent Path,Thriller|Mystery,A thrilling journey of self discovery.,77,1.0
20,Digital Souls,Romance,A high-stakes battle against unseen forces.,19,1.3
5,Digital Souls,Action|Adventure,A dramatic tale of human emotions.,72,3.9
109,Echoes of Love,Action|Thriller,A thrilling journey of self discovery.,63,2.8
33,Midnight Code,Sci-Fi|Action,A thrilling journey of self discovery.,9,4.6
79,Hidden Truth,Sci-Fi|Action,A mysterious adventure across time.,16,2.7
97,Quantum Love,Romance,A futuristic story driven by technology.,53,3.9
20,Digital Souls,Drama,A heartwarming story of love and sacrifice.,28,4.6
113,Hidden Truth,Thriller|Mystery,A high-stakes battle against unseen forces.,55,3.1
9,Midnight Code,Comedy,A futuristic story driven by technology.,11,3.1
6,The Silent Path,Sci-Fi|Action,A dramatic tale of human emotions.,23,4.1
50,Dream Beyond Stars,Romance,A high-stakes battle against unseen forces.,73,2.1
30,Quantum Love,Comedy,A mysterious adventure across time.,5,4.4
63,Digital Souls,Drama|Romance,A mysterious adventure across time.,4,2.1
11,The Silent Path,Action|Adventure,A heartwarming story of love and sacrifice.,1,2.5
6,Echoes of Love,Thriller|Mystery,A mysterious adventure across time.,33,4.9
105,Beyond the Horizon,Action|Adventure,A heartwarming story of love and sacrifice.,48,4.3
6,Hidden Truth,Romance,A dramatic tale of human emotions.,30,2.5
9,The Silent Path,Romance,A heartwarming story of love and sacrifice.,9,4.2
105,Final Algorithm,Drama|Romance,A futuristic story driven by technology.,29,2.4
58,Hidden Truth,Sci-Fi|Action,A mysterious adventure across time.,54,4.3
103,Lost in Time,Action|Thriller,A high-stakes battle against unseen forces.,1,3.1
53,Quantum Love,Action|Thriller,A high-stakes battle against unseen forces.,39,2.8
85,Hidden Truth,Drama|Romance,A thrilling journey of self discovery.,34,4.7
100,Beyond the Horizon,Thriller|Mystery,A thrilling journey of self discovery.,14,4.6
85,Hidden Truth,Drama|Romance,A mysterious adventure across time.,43,3.3
120,Echoes of Love,Drama,A dramatic tale of human emotions.,6,4.7
70,Quantum Love,Action|Thriller,A heartwarming story of love and sacrifice.,78,2.7
109,Beyond the Horizon,Drama,A dramatic tale of human emotions.,18,1.7
14,Shadow Hunter,Sci-Fi|Action,A high-stakes battle against unseen forces.,70,4.4
64,Beyond the Horizon,Drama|Romance,A heartwarming story of love and sacrifice.,51,4.2
2,Shadow Hunter,Drama,A thrilling journey of self discovery.,47,1.9
18,Lost in Time,Romance,A heartwarming story of love and sacrifice.,2,2.9
20,Final Algorithm,Thriller|Mystery,A futuristic story driven by technology.,58,3.8
56,Dream Beyond Stars,Action|Thriller,A thrilling journey of self discovery.,43,4.6
39,Dream Beyond Stars,Romance,A thrilling journey of self discovery.,34,4.6
63,Quantum Love,Romance,A mysterious adventure across time.,75,3.2
90,Digital Souls,Romance,A high-stakes battle against unseen forces.,76,3.3
23,Final Algorithm,Action|Thriller,A high-stakes battle against unseen forces.,32,1.1
25,Dream Beyond Stars,Action|Adventure,A heartwarming story of love and sacrifice.,29,1.3
80,Echoes of Love,Drama|Romance,A futuristic story driven by technology.,35,4.8
6,Lost in Time,Romance,A dramatic tale of human emotions.,27,3.0
25,Lost in Time,Drama,A high-stakes battle against unseen forces.,58,1.0
42,Final Algorithm,Action|Thriller,A thrilling journey of self discovery.,28,3.6
19,Lost in Time,Action|Thriller,A thrilling journey of self discovery.,63,2.9
96,Quantum Love,Drama|Romance,A thrilling journey of self discovery.,60,3.8
66,Echoes of Love,Action|Thriller,A high-stakes battle against unseen forces.,71,3.0
89,Echoes of Love,Thriller|Mystery,A mysterious adventure across time.,56,3.9
90,Final Algorithm,Drama|Romance,A thrilling journey of self discovery.,10,2.8
67,Broken Destiny,Romance,A high-stakes battle against unseen forces.,4,2.5
46,Midnight Code,Thriller|Mystery,A mysterious adventure across time.,44,1.2
47,Dream Beyond Stars,Drama|Romance,A mysterious adventure across time.,58,2.8
25,Hidden Truth,Comedy,A heartwarming story of love and sacrifice.,64,1.9
30,Lost in Time,Drama|Romance,A mysterious adventure across time.,16,4.4
78,Final Algorithm,Drama|Romance,A high-stakes battle against unseen forces.,50,4.3
21,Final Algorithm,Romance,A futuristic story driven by technology.,59,4.4
91,Echoes of Love,Thriller|Mystery,A high-stakes battle against unseen forces.,65,4.0
20,Hidden Truth,Drama,A dramatic tale of human emotions.,48,1.7
20,Digital Souls,Comedy,A dramatic tale of human emotions.,35,4.1
86,Final Algorithm,Romance,A thrilling journey of self discovery.,74,4.4
28,Final Algorithm,Romance,A thrilling journey of self discovery.,16,3.2
101,Midnight Code,Action|Thriller,A futuristic story driven by technology.,37,1.3
72,Hidden Truth,Thriller|Mystery,A mysterious adventure across time.,77,4.4
20,Midnight Code,Thriller|Mystery,A dramatic tale of human emotions.,44,1.0
24,Echoes of Love,Action|Thriller,A futuristic story driven by technology.,2,4.9
96,Beyond the Horizon,Sci-Fi|Action,A thrilling journey of self discovery.,22,3.7
102,Hidden Truth,Drama|Romance,A thrilling journey of self discovery.,69,3.3
91,Final Algorithm,Comedy,A mysterious adventure across time.,6,1.8
35,Final Algorithm,Action|Adventure,A mysterious adventure across time.,41,1.4
120,Beyond the Horizon,Drama|Romance,A dramatic tale of human emotions.,33,3.9
108,Digital Souls,Thriller|Mystery,A mysterious adventure across time.,3,4.9
26,Beyond the Horizon,Thriller|Mystery,A futuristic story driven by technology.,52,1.6
3,Quantum Love,Romance,A dramatic tale of human emotions.,40,4.9
65,Broken Destiny,Drama|Romance,A thrilling journey of self discovery.,25,3.3
8,Echoes of Love,Action|Thriller,A heartwarming story of love and sacrifice.,40,1.4
49,Digital Souls,Sci-Fi|Action,A thrilling journey of self discovery.,59,2.5
69,Final Algorithm,Drama,A high-stakes battle against unseen forces.,21,4.7
39,Digital Souls,Action|Adventure,A heartwarming story of love and sacrifice.,76,2.3
4,The Silent Path,Romance,A dramatic tale of human emotions.,66,3.8
114,Lost in Time,Thriller|Mystery,A heartwarming story of love and sacrifice.,44,1.8
12,Quantum Love,Comedy,A mysterious adventure across time.,53,4.4
81,Midnight Code,Sci-Fi|Action,A dramatic tale of human emotions.,8,3.3
13,Broken Destiny,Comedy,A thrilling journey of self discovery.,51,4.0
21,Echoes of Love,Sci-Fi|Action,A dramatic tale of human emotions.,28,3.2
106,Lost in Time,Comedy,A mysterious adventure across time.,56,4.2
56,Beyond the Horizon,Sci-Fi|Action,A futuristic story driven by technology.,2,2.8
16,Midnight Code,Action|Adventure,A heartwarming story of love and sacrifice.,27,3.6
48,Midnight Code,Drama|Romance,A dramatic tale of human emotions.,35,1.1
77,Broken Destiny,Sci-Fi|Action,A thrilling journey of self discovery.,33,3.0
9,Dream Beyond Stars,Action|Thriller,A high-stakes battle against unseen forces.,44,4.8
72,Hidden Truth,Thriller|Mystery,A thrilling journey of self discovery.,7,2.7
50,Hidden Truth,Drama,A heartwarming story of love and sacrifice.,54,2.8
91,Beyond the Horizon,Thriller|Mystery,A thrilling journey of self discovery.,60,4.7
78,Quantum Love,Romance,A heartwarming story of love and sacrifice.,29,3.9
43,Shadow Hunter,Thriller|Mystery,A dramatic tale of human emotions.,26,3.3
73,Hidden Truth,Comedy,A high-stakes battle against unseen forces.,30,4.6
66,Shadow Hunter,Thriller|Mystery,A thrilling journey of self discovery.,60,1.2
90,Echoes of Love,Romance,A mysterious adventure across time.,14,2.9
27,Hidden Truth,Comedy,A dramatic tale of human emotions.,21,4.9
